"","p_val","avg_logFC","pct.1","pct.2","p_val_adj","cluster","gene","pct.diff"
"CLDN4",7.31856120244058e-128,0.949553203811581,0.947,0.52,1.63452745895308e-123,"Epithelial_C1","CLDN4",0.427
"SLPI",2.0152025846949e-125,1.16037527972186,0.961,0.581,4.50075345265759e-121,"Epithelial_C1","SLPI",0.38
"WFDC2",5.00511279729798e-124,0.947518943107515,0.999,0.814,1.11784189214853e-119,"Epithelial_C1","WFDC2",0.185
"ELF3",4.3356875265805e-121,0.807160903465954,0.948,0.485,9.68332452186489e-117,"Epithelial_C1","ELF3",0.463
"MUC1",3.87264524406591e-120,0.755202565638716,0.936,0.468,8.6491658880968e-116,"Epithelial_C1","MUC1",0.468
"FXYD3",1.37068128504648e-115,0.617254681505482,0.777,0.263,3.06127958202281e-111,"Epithelial_C1","FXYD3",0.514
"C19orf33",4.36030051177231e-102,0.579518659592634,0.839,0.339,9.73829516299227e-98,"Epithelial_C1","C19orf33",0.5
"KRT7",1.06075444002846e-100,0.708258229623438,0.944,0.476,2.36908896635956e-96,"Epithelial_C1","KRT7",0.468
"TACSTD2",2.16292730571999e-100,0.916302294719552,0.842,0.366,4.83068184459503e-96,"Epithelial_C1","TACSTD2",0.476
"CP",2.77763907335853e-97,0.741530790448963,0.786,0.33,6.20357910643893e-93,"Epithelial_C1","CP",0.456
"MT-ND2",7.86270910532992e-97,0.832236287589083,0.962,0.741,1.75605745158439e-92,"Epithelial_C1","MT-ND2",0.221
"KCNK15",9.37338907366421e-97,0.566171143436086,0.739,0.278,2.09345271571216e-92,"Epithelial_C1","KCNK15",0.461
"VTCN1",4.10222822598515e-96,0.572658439198376,0.707,0.23,9.16191651991523e-92,"Epithelial_C1","VTCN1",0.477
"MT-CO1",1.67702914102832e-93,0.822811509564304,0.974,0.829,3.74547688357264e-89,"Epithelial_C1","MT-CO1",0.145
"CLU",3.26043856792707e-93,0.890882139311896,0.9,0.507,7.28186349760832e-89,"Epithelial_C1","CLU",0.393
"CD9",4.05372544308426e-93,0.708391456428851,0.963,0.676,9.05359040458438e-89,"Epithelial_C1","CD9",0.287
"MT-ND5",7.91883256683561e-93,0.748267111254771,0.932,0.592,1.76859206547706e-88,"Epithelial_C1","MT-ND5",0.34
"MSLN",1.64274497985887e-92,0.72011033346952,0.718,0.263,3.6689066380168e-88,"Epithelial_C1","MSLN",0.455
"SPINT2",8.74590067860801e-92,0.632699169396027,0.982,0.573,1.95330945756031e-87,"Epithelial_C1","SPINT2",0.409
"CLDN3",1.13496154150196e-90,0.740658189968923,0.969,0.586,2.53482310679049e-86,"Epithelial_C1","CLDN3",0.383
"EPCAM",3.52169891730179e-90,0.666498583917336,0.967,0.541,7.86536236190182e-86,"Epithelial_C1","EPCAM",0.426
"MT-ND1",1.6063579766165e-89,0.793505096282005,0.968,0.814,3.58763990497529e-85,"Epithelial_C1","MT-ND1",0.154
"MUC16",2.9515565765135e-89,0.627606591923937,0.662,0.196,6.59200645798524e-85,"Epithelial_C1","MUC16",0.466
"CLDN7",4.65645923330249e-89,0.612224361788437,0.938,0.46,1.03997360516578e-84,"Epithelial_C1","CLDN7",0.478
"BCAM",4.72349051461811e-87,0.645837191079186,0.887,0.421,1.05494437153481e-82,"Epithelial_C1","BCAM",0.466
"MT-CO2",6.07776985331679e-86,0.761503352540719,0.971,0.806,1.35740911903977e-81,"Epithelial_C1","MT-CO2",0.165
"KRT19",1.47176008925711e-85,0.679793925796738,0.962,0.593,3.28702898334683e-81,"Epithelial_C1","KRT19",0.369
"MT-ND3",1.57127591043924e-85,0.772259079372689,0.959,0.736,3.509287618375e-81,"Epithelial_C1","MT-ND3",0.223
"NEAT1",3.11637673662725e-84,0.909862867440852,0.931,0.815,6.9601158035833e-80,"Epithelial_C1","NEAT1",0.116
"MT-ND4",2.50914277196801e-81,0.723318991696647,0.975,0.798,5.60391946691335e-77,"Epithelial_C1","MT-ND4",0.177
"LCN2",2.83760736354694e-79,1.01752254496055,0.707,0.289,6.33751228574574e-75,"Epithelial_C1","LCN2",0.418
"MT-ND4L",6.51622750387605e-79,0.545400720962045,0.876,0.443,1.45533425071568e-74,"Epithelial_C1","MT-ND4L",0.433
"SLC34A2",1.92476806033953e-77,0.738576070666214,0.657,0.232,4.29877698596231e-73,"Epithelial_C1","SLC34A2",0.425
"MT-CYB",2.79755678945713e-77,0.716710491735105,0.967,0.769,6.24806333357354e-73,"Epithelial_C1","MT-CYB",0.198
"MT-CO3",1.94361230643006e-75,0.701471376504618,0.972,0.855,4.3408637251809e-71,"Epithelial_C1","MT-CO3",0.117
"SLC40A1",5.20545056023572e-75,0.803427800927861,0.702,0.3,1.16258532812305e-70,"Epithelial_C1","SLC40A1",0.402
"KLK7",1.71085160176819e-74,0.64771432143377,0.647,0.225,3.82101596738908e-70,"Epithelial_C1","KLK7",0.422
"MT-ATP6",1.62943663433525e-73,0.688743436786465,0.976,0.864,3.63918377912434e-69,"Epithelial_C1","MT-ATP6",0.112
"ZFP36L2",8.17462188286917e-72,0.61892371317003,0.877,0.52,1.82572005132e-67,"Epithelial_C1","ZFP36L2",0.357
"LAPTM4B",5.26083941313447e-71,0.542373396718204,0.94,0.527,1.17495587452945e-66,"Epithelial_C1","LAPTM4B",0.413
"S100A1",1.09925407972579e-67,0.562208790771633,0.8,0.377,2.45507406165959e-63,"Epithelial_C1","S100A1",0.423
"RARRES3",4.1286180885511e-67,0.571532001524326,0.73,0.333,9.22085563897003e-63,"Epithelial_C1","RARRES3",0.397
"HLA-DRA",2.49664005417715e-66,0.629639775685336,0.863,0.475,5.57599589699924e-62,"Epithelial_C1","HLA-DRA",0.388
"CD74",1.63014497685932e-65,0.68799778868019,0.932,0.579,3.6407657913176e-61,"Epithelial_C1","CD74",0.353
"ITGB8",2.96969968171032e-63,0.509720554649001,0.714,0.331,6.63252726913183e-59,"Epithelial_C1","ITGB8",0.383
"PDZK1IP1",1.08871221031435e-60,0.523190748981856,0.605,0.226,2.43152985051606e-56,"Epithelial_C1","PDZK1IP1",0.379
"TNFAIP2",2.78970098312844e-59,0.541054598412525,0.751,0.391,6.23051817571905e-55,"Epithelial_C1","TNFAIP2",0.36
"SAT1",3.568516223954e-57,0.5223019426405,0.981,0.847,7.96992413457886e-53,"Epithelial_C1","SAT1",0.134
"TXNIP",1.40254675170925e-56,0.648249030911484,0.679,0.323,3.13244791526744e-52,"Epithelial_C1","TXNIP",0.356
"TSPAN1",1.57469390646052e-55,0.512551418802948,0.429,0.114,3.51692137068892e-51,"Epithelial_C1","TSPAN1",0.315
"CCNL1",6.98118165528621e-55,0.526291374430682,0.894,0.599,1.55917711089162e-50,"Epithelial_C1","CCNL1",0.295
"GPRC5A",1.52583734042326e-52,0.558930800582735,0.458,0.141,3.40780511610131e-48,"Epithelial_C1","GPRC5A",0.317
"ATF3",1.35216714599321e-47,0.613702245729531,0.823,0.547,3.01993010386123e-43,"Epithelial_C1","ATF3",0.276
"TCIM",1.30406308736542e-43,0.739854389148237,0.535,0.242,2.91249449932194e-39,"Epithelial_C1","TCIM",0.293
"AC007906.2",1.61229092419002e-43,0.59277086000917,0.487,0.196,3.60089055008599e-39,"Epithelial_C1","AC007906.2",0.291
"SCGB2A1",4.9216286311633e-42,0.784641419227072,0.555,0.247,1.09919653848401e-37,"Epithelial_C1","SCGB2A1",0.308
"MMP7",1.17876078040897e-41,0.805396220383483,0.654,0.35,2.6326443269654e-37,"Epithelial_C1","MMP7",0.304
"ADIRF",1.82271202838206e-40,0.547770014134554,0.513,0.211,4.0708450441885e-36,"Epithelial_C1","ADIRF",0.302
"C3",3.41085863974699e-38,0.630811906606056,0.565,0.299,7.61781168601093e-34,"Epithelial_C1","C3",0.266
"DAPL1",5.15248876668571e-36,0.55758287411572,0.553,0.256,1.15075684115159e-31,"Epithelial_C1","DAPL1",0.297
"SOX4",9.60102589328562e-33,0.501604364186907,0.847,0.632,2.14429312300641e-28,"Epithelial_C1","SOX4",0.215
"CRYAB",7.09918644140866e-32,0.892675741628743,0.707,0.48,1.58553229982421e-27,"Epithelial_C1","CRYAB",0.227
"S100A9",3.00622696720722e-30,0.995269478118812,0.435,0.2,6.71410730856059e-26,"Epithelial_C1","S100A9",0.235
"C2orf88",4.84784025816591e-30,0.50198383915847,0.512,0.264,1.08271664325878e-25,"Epithelial_C1","C2orf88",0.248
"SCGB1D2",2.59009064972733e-29,0.574288935324026,0.378,0.149,5.78470845710102e-25,"Epithelial_C1","SCGB1D2",0.229
"TFF3",1.52268176969193e-15,0.567094879906305,0.3,0.146,3.40075746442995e-11,"Epithelial_C1","TFF3",0.154
"SST",7.18508519612796e-13,0.628024624971113,0.252,0.122,1.60471692770322e-08,"Epithelial_C1","SST",0.13
"KRT17",2.06894172681362e-11,0.571097672193627,0.408,0.267,4.62077445266554e-07,"Epithelial_C1","KRT17",0.141
"BIRC5",6.43117239861705e-215,0.997863872915859,0.702,0.07,1.43633804350713e-210,"Epithelial_C2","BIRC5",0.632
"MKI67",8.44094446759262e-197,1.2575805793594,0.644,0.057,1.88520053739214e-192,"Epithelial_C2","MKI67",0.587
"UBE2C",6.53751878572004e-186,1.53452717823687,0.723,0.114,1.46008944560271e-181,"Epithelial_C2","UBE2C",0.609
"TOP2A",6.92543160142335e-175,1.1120032842018,0.563,0.044,1.54672589386189e-170,"Epithelial_C2","TOP2A",0.519
"PBK",6.65098331857883e-173,0.648632397231152,0.53,0.032,1.4854306143714e-168,"Epithelial_C2","PBK",0.498
"NUSAP1",5.69122246910671e-159,0.768469036449302,0.509,0.037,1.27107762625029e-154,"Epithelial_C2","NUSAP1",0.472
"FOXM1",1.60438259891588e-158,0.661608413458493,0.581,0.065,3.58322809641872e-154,"Epithelial_C2","FOXM1",0.516
"CENPF",6.36851766965306e-158,1.33058347364242,0.663,0.114,1.42234473634031e-153,"Epithelial_C2","CENPF",0.549
"NUF2",8.34090195664103e-158,0.562435230054029,0.481,0.028,1.86285704299621e-153,"Epithelial_C2","NUF2",0.453
"ASPM",3.94794940257495e-153,0.862801037249181,0.54,0.053,8.8173501957109e-149,"Epithelial_C2","ASPM",0.487
"TPX2",5.33022806171082e-153,0.90578448569527,0.584,0.076,1.19045313530249e-148,"Epithelial_C2","TPX2",0.508
"CDKN3",1.93580559351895e-152,0.995312659330667,0.619,0.094,4.32342821256521e-148,"Epithelial_C2","CDKN3",0.525
"CDC20",5.49348781847174e-152,0.885412600875855,0.521,0.047,1.22691556937748e-147,"Epithelial_C2","CDC20",0.474
"CCNB2",3.34081001673083e-150,0.656867095359727,0.535,0.055,7.46136509136663e-146,"Epithelial_C2","CCNB2",0.48
"CEP55",5.66146388014868e-149,0.53473047650724,0.437,0.02,1.26443134299241e-144,"Epithelial_C2","CEP55",0.417
"CENPA",6.99312675554106e-147,0.546776864652505,0.428,0.019,1.56184492958254e-142,"Epithelial_C2","CENPA",0.409
"CDK1",1.26031992504895e-146,0.964998541769788,0.584,0.083,2.81479852060433e-142,"Epithelial_C2","CDK1",0.501
"MYBL2",3.99377272444287e-145,0.567052035158982,0.526,0.052,8.91969200277071e-141,"Epithelial_C2","MYBL2",0.474
"CDCA3",4.91578564024758e-140,0.53198158327579,0.437,0.026,1.09789156489289e-135,"Epithelial_C2","CDCA3",0.411
"TUBA1B",1.24113215984747e-139,1.20212510643064,0.963,0.916,2.77194456580334e-135,"Epithelial_C2","TUBA1B",0.0469999999999999
"PCLAF",1.70591049919393e-132,0.934531966698159,0.584,0.095,3.80998050889971e-128,"Epithelial_C2","PCLAF",0.489
"HMMR",2.9136722942224e-132,0.572188149833571,0.423,0.028,6.50739570191631e-128,"Epithelial_C2","HMMR",0.395
"RAD51AP1",7.04740258069129e-131,0.634547332457807,0.577,0.091,1.57396689237159e-126,"Epithelial_C2","RAD51AP1",0.486
"PRC1",3.23883983810076e-130,0.85800952640234,0.563,0.092,7.23362489441423e-126,"Epithelial_C2","PRC1",0.471
"DLGAP5",3.4937918089871e-126,0.579775241407131,0.398,0.024,7.80303462619179e-122,"Epithelial_C2","DLGAP5",0.374
"TK1",1.4837254680216e-124,0.962796505084933,0.656,0.159,3.31375246027944e-120,"Epithelial_C2","TK1",0.497
"HMGB1",1.84993532787327e-123,0.921029533810809,0.958,0.966,4.13164556127217e-119,"Epithelial_C2","HMGB1",-0.00800000000000001
"TROAP",3.12991271510854e-120,0.535447926787891,0.5,0.065,6.99034705792342e-116,"Epithelial_C2","TROAP",0.435
"HMGB2",1.35195919130631e-119,1.50686469464579,0.828,0.476,3.01946565786352e-115,"Epithelial_C2","HMGB2",0.352
"CENPW",2.41679655426447e-116,1.10932149630787,0.772,0.309,5.39767342429427e-112,"Epithelial_C2","CENPW",0.463
"MAD2L1",3.29487029693308e-110,0.640724447989647,0.593,0.136,7.35876332117033e-106,"Epithelial_C2","MAD2L1",0.457
"PTTG1",2.51313337494671e-107,1.45559735940532,0.77,0.351,5.61283207960598e-103,"Epithelial_C2","PTTG1",0.419
"ZWINT",5.26023366463616e-100,0.601312259962222,0.584,0.151,1.17482058665984e-95,"Epithelial_C2","ZWINT",0.433
"CENPN",8.2201350469338e-93,0.512667754323954,0.581,0.154,1.8358849613822e-88,"Epithelial_C2","CENPN",0.427
"RRM2",7.77320515260402e-91,0.50344547331475,0.363,0.04,1.73606763878258e-86,"Epithelial_C2","RRM2",0.323
"STMN1",1.49548487210391e-89,1.09185847190297,0.83,0.603,3.34001591335687e-85,"Epithelial_C2","STMN1",0.227
"TYMS",2.23490970243663e-89,0.919464738740434,0.591,0.168,4.99144732942197e-85,"Epithelial_C2","TYMS",0.423
"H2AFZ",5.54156599387943e-87,1.20268408668385,0.9,0.866,1.23765334907303e-82,"Epithelial_C2","H2AFZ",0.034
"CKS1B",5.77272886946975e-84,1.09655709479257,0.816,0.58,1.28928126570737e-79,"Epithelial_C2","CKS1B",0.236
"CCNB1",7.05085956873596e-81,0.752252631507184,0.54,0.159,1.57473897608149e-76,"Epithelial_C2","CCNB1",0.381
"UBE2T",5.6875873771796e-78,0.655649356208438,0.612,0.235,1.27026576481929e-73,"Epithelial_C2","UBE2T",0.377
"LMNB1",3.57098945155712e-64,0.533662841376162,0.537,0.182,7.97544784110768e-60,"Epithelial_C2","LMNB1",0.355
"ECT2",2.83099947022723e-62,0.633168477041817,0.577,0.24,6.32275421680551e-58,"Epithelial_C2","ECT2",0.337
"H2AFV",1.08989660803184e-60,0.806092869175187,0.847,0.78,2.43417508437832e-56,"Epithelial_C2","H2AFV",0.0669999999999999
"SMC4",1.30396109661604e-60,0.912991771096964,0.765,0.517,2.91226671318227e-56,"Epithelial_C2","SMC4",0.248
"HIST1H4C",1.22618737028772e-57,1.50499622052972,0.795,0.625,2.7385668728006e-53,"Epithelial_C2","HIST1H4C",0.17
"HMGN2",6.27011749571631e-56,0.904362194250962,0.872,0.851,1.40036804149328e-51,"Epithelial_C2","HMGN2",0.021
"LSM4",1.55424542326027e-54,0.63209905371065,0.844,0.797,3.47125172830948e-50,"Epithelial_C2","LSM4",0.0469999999999999
"RNASEH2A",1.26970832720603e-53,0.575433667786426,0.619,0.307,2.83576657798195e-49,"Epithelial_C2","RNASEH2A",0.312
"HMGB3",1.62780829374458e-53,0.743430242528992,0.737,0.545,3.63554704324914e-49,"Epithelial_C2","HMGB3",0.192
"HIST1H1D",7.29685566772084e-51,0.637500942495449,0.379,0.101,1.62967974482877e-46,"Epithelial_C2","HIST1H1D",0.278
"HNRNPA1",5.3830372718073e-49,0.633652022490614,0.926,0.916,1.20224754428544e-44,"Epithelial_C2","HNRNPA1",0.01
"DEK",2.87919536637849e-48,0.601669845879598,0.844,0.866,6.43039493126972e-44,"Epithelial_C2","DEK",-0.022
"CKS2",3.80899350164292e-48,0.945864295894624,0.728,0.514,8.5070060865693e-44,"Epithelial_C2","CKS2",0.214
"NUCKS1",6.11087623768856e-47,0.613862643830141,0.893,0.93,1.36480309892536e-42,"Epithelial_C2","NUCKS1",-0.037
"ATAD2",8.69878084019832e-46,0.664172088629455,0.567,0.279,1.94278571284989e-41,"Epithelial_C2","ATAD2",0.288
"AURKA",2.30135801526937e-43,0.577946004898211,0.365,0.112,5.13985299130262e-39,"Epithelial_C2","AURKA",0.253
"H2AFX",2.68510568615748e-39,0.707971794173989,0.719,0.564,5.99691503946412e-35,"Epithelial_C2","H2AFX",0.155
"UBE2S",1.29237618415032e-38,0.998460470107402,0.726,0.587,2.88639296968133e-34,"Epithelial_C2","UBE2S",0.139
"RAN",7.37700584597612e-37,0.510242782764206,0.856,0.913,1.64758048564031e-32,"Epithelial_C2","RAN",-0.0570000000000001
"TUBB",1.1841041082694e-36,0.634965685134818,0.865,0.902,2.64457811540888e-32,"Epithelial_C2","TUBB",-0.037
"SLC25A5",3.07026835688963e-34,0.619433415024628,0.853,0.842,6.85713734827731e-30,"Epithelial_C2","SLC25A5",0.011
"LSM5",3.37257654205484e-34,0.546495965058288,0.76,0.74,7.53231244902529e-30,"Epithelial_C2","LSM5",0.02
"RPL39L",1.04447680647322e-33,0.633456603984603,0.705,0.562,2.33273449957729e-29,"Epithelial_C2","RPL39L",0.143
"TMPO",1.13682488611739e-33,0.542393989423609,0.702,0.526,2.53898470065457e-29,"Epithelial_C2","TMPO",0.176
"ANP32E",1.19457254590677e-32,0.52638241889258,0.707,0.574,2.66795832402819e-28,"Epithelial_C2","ANP32E",0.133
"KPNA2",6.21983681297257e-32,0.835130603137167,0.642,0.462,1.38913835380929e-27,"Epithelial_C2","KPNA2",0.18
"RANBP1",9.94241064348491e-29,0.548496361281881,0.807,0.811,2.22053799311592e-24,"Epithelial_C2","RANBP1",-0.004
"SNRPF",1.05260280304462e-27,0.530054168739039,0.833,0.833,2.35088310031986e-23,"Epithelial_C2","SNRPF",0
"TUBB4B",1.55852838178682e-27,0.600053186301857,0.835,0.84,3.48081728788268e-23,"Epithelial_C2","TUBB4B",-0.005
"NASP",9.05707473390112e-25,0.523816945959388,0.742,0.692,2.02280707106948e-20,"Epithelial_C2","NASP",0.05
"RAD21",5.14861488575525e-23,0.557353060598434,0.786,0.766,1.14989164858458e-18,"Epithelial_C2","RAD21",0.02
"PCNA",6.54963113996949e-22,0.655723044251952,0.605,0.467,1.46279461880079e-17,"Epithelial_C2","PCNA",0.138
"JPT1",2.59908861687864e-20,0.561508278525689,0.765,0.746,5.80480451693676e-16,"Epithelial_C2","JPT1",0.019
"TUBA1C",1.27387838865008e-19,0.567420470955506,0.844,0.875,2.84507999321109e-15,"Epithelial_C2","TUBA1C",-0.031
"DUT",3.51437872969303e-16,0.612612567409844,0.681,0.645,7.84901345489641e-12,"Epithelial_C2","DUT",0.036
"ARL6IP1",7.93481714950257e-14,0.725032129291116,0.698,0.726,1.7721620621699e-09,"Epithelial_C2","ARL6IP1",-0.028
"CENPX",7.86337345877022e-13,0.518213819185879,0.644,0.599,1.75620582828174e-08,"Epithelial_C2","CENPX",0.045
"IGKC",9.84052522313164e-10,0.621152612084604,0.423,0.307,2.19778290333422e-05,"Epithelial_C2","IGKC",0.116
"THBS2",0,2.06238335484981,0.827,0.036,0,"Epithelial_C3","THBS2",0.791
"MME",0,1.70300418984645,0.822,0.016,0,"Epithelial_C3","MME",0.806
"PRRX1",1.16142193964008e-300,1.60351450532177,0.771,0.029,2.59391975999216e-296,"Epithelial_C3","PRRX1",0.742
"TMEM158",2.477096340843e-296,2.88036425652365,0.899,0.093,5.53234696763876e-292,"Epithelial_C3","TMEM158",0.806
"COL6A3",7.6234967844067e-290,2.47330099215189,0.878,0.086,1.70263177182939e-285,"Epithelial_C3","COL6A3",0.792
"FAP",1.06492045150932e-283,1.1458084072704,0.705,0.017,2.37839333640091e-279,"Epithelial_C3","FAP",0.688
"LINC01929",8.01102600535011e-279,1.21389874559948,0.638,0.003,1.78918254803489e-274,"Epithelial_C3","LINC01929",0.635
"DCN",8.04078598023559e-268,3.1164250425199,0.894,0.124,1.79582914082582e-263,"Epithelial_C3","DCN",0.77
"INHBA",2.24621181388226e-259,1.75119020725075,0.753,0.047,5.01668946512464e-255,"Epithelial_C3","INHBA",0.706
"COL8A1",6.49705701684606e-254,1.2053746418114,0.684,0.029,1.4510527141424e-249,"Epithelial_C3","COL8A1",0.655
"MMP2",7.31560909058761e-251,2.56762471382619,0.883,0.143,1.63386813429184e-246,"Epithelial_C3","MMP2",0.74
"TWIST1",3.19427906049382e-249,1.10600950693206,0.636,0.017,7.1341028537069e-245,"Epithelial_C3","TWIST1",0.619
"CLMP",9.41459008843063e-247,0.822521150572263,0.596,0.008,2.1026545503501e-242,"Epithelial_C3","CLMP",0.588
"TNFAIP6",9.11540970672246e-242,1.43710909477052,0.633,0.021,2.03583560389939e-237,"Epithelial_C3","TNFAIP6",0.612
"COL5A2",4.51392323720456e-241,1.7986440985624,0.814,0.099,1.00813961579727e-236,"Epithelial_C3","COL5A2",0.715
"POSTN",6.47869377863922e-238,2.19991427449981,0.745,0.067,1.44695146852128e-233,"Epithelial_C3","POSTN",0.678
"CALB2",5.39530248802951e-237,1.13464262206309,0.559,0.004,1.20498685767651e-232,"Epithelial_C3","CALB2",0.555
"CTSK",3.84048504697702e-234,2.25930503167745,0.763,0.081,8.57733930391847e-230,"Epithelial_C3","CTSK",0.682
"ECM1",1.70983298724794e-233,1.19590197507331,0.686,0.045,3.81874099371954e-229,"Epithelial_C3","ECM1",0.641
"ANGPTL2",3.80601751109788e-224,1.09502268301121,0.654,0.04,8.500359509286e-220,"Epithelial_C3","ANGPTL2",0.614
"LUM",4.6178189616636e-222,2.64292760146405,0.84,0.15,1.03134368689795e-217,"Epithelial_C3","LUM",0.69
"PMP22",6.78034121857229e-212,1.23958943846419,0.742,0.088,1.51432140775594e-207,"Epithelial_C3","PMP22",0.654
"CLEC2B",1.04019928027469e-209,2.53778330460779,0.848,0.172,2.3231810725655e-205,"Epithelial_C3","CLEC2B",0.676
"TGFBI",1.36705373133589e-207,1.78700291271454,0.819,0.15,3.05317780356557e-203,"Epithelial_C3","TGFBI",0.669
"COX7A1",1.16223154205402e-203,0.759205271436293,0.516,0.01,2.59572792602345e-199,"Epithelial_C3","COX7A1",0.506
"PDGFRB",3.25219537058366e-203,1.04634202826092,0.527,0.013,7.26345314066154e-199,"Epithelial_C3","PDGFRB",0.514
"NTM",2.91653045357746e-202,0.842898897256952,0.516,0.011,6.5137791150199e-198,"Epithelial_C3","NTM",0.505
"CA12",1.29076416221945e-198,1.46664868258334,0.846,0.179,2.88279267990091e-194,"Epithelial_C3","CA12",0.667
"GREM1",1.1098871267888e-197,1.23894334197581,0.5,0.01,2.4788219089701e-193,"Epithelial_C3","GREM1",0.49
"FBN1",9.47923771110573e-195,0.828906317878799,0.585,0.035,2.11709295039835e-190,"Epithelial_C3","FBN1",0.55
"AEBP1",1.55105987778143e-192,2.54945114772961,0.88,0.268,3.46413713103705e-188,"Epithelial_C3","AEBP1",0.612
"TBX3",1.51310293120056e-189,1.21074699086149,0.625,0.055,3.37936408654334e-185,"Epithelial_C3","TBX3",0.57
"COL6A2",9.5924152961393e-189,2.80958613016163,0.91,0.344,2.14237003223975e-184,"Epithelial_C3","COL6A2",0.566
"VCAN",2.12564425877279e-184,1.27007666955364,0.604,0.05,4.74741388754314e-180,"Epithelial_C3","VCAN",0.554
"CDH11",4.4536496388455e-183,0.779913973728465,0.521,0.023,9.94678110339753e-179,"Epithelial_C3","CDH11",0.498
"BASP1",1.0861641888635e-182,1.35519678116438,0.769,0.145,2.42583909940775e-178,"Epithelial_C3","BASP1",0.624
"COL3A1",1.27974792931149e-178,2.50863367231812,0.848,0.247,2.85818902532428e-174,"Epithelial_C3","COL3A1",0.601
"EMILIN1",2.19660604130655e-178,0.982926634303599,0.588,0.05,4.90589993265405e-174,"Epithelial_C3","EMILIN1",0.538
"JAM2",9.19304787981529e-176,0.577103460060809,0.449,0.009,2.05317531347795e-171,"Epithelial_C3","JAM2",0.44
"LINC01705",1.50544997717545e-175,0.650249004568612,0.42,0.003,3.36227197902365e-171,"Epithelial_C3","LINC01705",0.417
"FN1",1.01380390590264e-174,2.74945871585825,0.907,0.338,2.26422964344296e-170,"Epithelial_C3","FN1",0.569
"SERPINE1",1.31251021207555e-174,1.68299441864223,0.652,0.082,2.93136030764954e-170,"Epithelial_C3","SERPINE1",0.57
"BGN",7.04444520759544e-173,1.39308851240344,0.739,0.139,1.57330639266436e-168,"Epithelial_C3","BGN",0.6
"ITGA5",1.5317725743788e-171,1.11987185504685,0.715,0.124,3.42106086761761e-167,"Epithelial_C3","ITGA5",0.591
"GJA1",9.89683280553597e-171,2.04235594841046,0.87,0.32,2.2103586387884e-166,"Epithelial_C3","GJA1",0.55
"CPE",5.93915418108042e-170,2.15287942654054,0.928,0.441,1.3264506948025e-165,"Epithelial_C3","CPE",0.487
"PDPN",7.80677421184791e-169,1.14855159372465,0.697,0.119,1.74356495247411e-164,"Epithelial_C3","PDPN",0.578
"VEGFC",4.61464179529977e-166,0.555522445317693,0.439,0.011,1.03063409856225e-161,"Epithelial_C3","VEGFC",0.428
"TWIST2",1.88609594663634e-165,0.656490421608176,0.476,0.021,4.21240668721761e-161,"Epithelial_C3","TWIST2",0.455
"TMEM45A",9.78582109866314e-165,1.35152949256344,0.84,0.284,2.18556528417543e-160,"Epithelial_C3","TMEM45A",0.556
"EMP3",8.57860865389874e-164,1.6800307924151,0.87,0.329,1.91594645676174e-159,"Epithelial_C3","EMP3",0.541
"COL10A1",9.61807919770864e-162,0.869436571775461,0.452,0.017,2.14810180801625e-157,"Epithelial_C3","COL10A1",0.435
"DAB2",7.56926663178351e-159,0.994680430885989,0.657,0.105,1.69052000954253e-154,"Epithelial_C3","DAB2",0.552
"VIM",9.59300894979399e-159,2.47839310868899,0.947,0.662,2.14250261884699e-154,"Epithelial_C3","VIM",0.285
"COL11A1",1.4506583193336e-158,1.07483362101698,0.473,0.025,3.23990029039967e-154,"Epithelial_C3","COL11A1",0.448
"LGALS1",8.60102389644838e-157,1.96095620352599,0.963,0.864,1.92095267703278e-152,"Epithelial_C3","LGALS1",0.099
"LOXL2",9.91288683848939e-153,1.1654575788256,0.657,0.115,2.21394414650822e-148,"Epithelial_C3","LOXL2",0.542
"MAF",6.42080704589163e-152,0.812262514629459,0.569,0.064,1.43402304562944e-147,"Epithelial_C3","MAF",0.505
"GJB2",3.96495823200548e-144,1.27241286006942,0.636,0.109,8.85533771536103e-140,"Epithelial_C3","GJB2",0.527
"MMP14",6.86442023458637e-144,1.84617024582444,0.822,0.339,1.53309961519252e-139,"Epithelial_C3","MMP14",0.483
"ADM",3.67970313924872e-143,2.21211490447623,0.83,0.313,8.21824899119808e-139,"Epithelial_C3","ADM",0.517
"COL6A1",2.07261642500788e-139,2.40945140331514,0.894,0.578,4.62898152361259e-135,"Epithelial_C3","COL6A1",0.316
"RPS27L",1.0544716813831e-135,1.68115941544634,0.918,0.817,2.35505705320102e-131,"Epithelial_C3","RPS27L",0.101
"SFTA1P",1.79473637467355e-135,0.549213661789152,0.335,0.003,4.0083642191959e-131,"Epithelial_C3","SFTA1P",0.332
"CA9",4.69635469151245e-135,1.41471314548742,0.742,0.214,1.04888385680239e-130,"Epithelial_C3","CA9",0.528
"LOX",1.09498705590493e-134,1.39657298975836,0.707,0.183,2.44554409065807e-130,"Epithelial_C3","LOX",0.524
"C1S",1.85876485558979e-131,1.33115873715611,0.854,0.387,4.15136542847424e-127,"Epithelial_C3","C1S",0.467
"NBL1",1.84246985167885e-130,1.39077029660451,0.827,0.372,4.11497216673955e-126,"Epithelial_C3","NBL1",0.455
"ANTXR1",3.99697445233752e-130,1.20026428018377,0.686,0.183,8.92684274185061e-126,"Epithelial_C3","ANTXR1",0.503
"SELENOM",1.8527861449067e-128,1.35515154678842,0.878,0.518,4.13801257603463e-124,"Epithelial_C3","SELENOM",0.36
"GDNF",2.00816484360732e-128,0.721214736955166,0.423,0.029,4.48503536171259e-124,"Epithelial_C3","GDNF",0.394
"ITGBL1",3.02792747211583e-128,0.511173194905536,0.335,0.007,6.76257321622348e-124,"Epithelial_C3","ITGBL1",0.328
"TIMP3",3.96497253001465e-127,2.08853945489447,0.771,0.265,8.85536964853473e-123,"Epithelial_C3","TIMP3",0.506
"COL1A1",4.13780070143617e-127,2.63223055717486,0.846,0.403,9.24136408658754e-123,"Epithelial_C3","COL1A1",0.443
"SPHK1",4.54871766444274e-127,0.888053267632453,0.622,0.129,1.01591060317664e-122,"Epithelial_C3","SPHK1",0.493
"NT5E",2.96386838894455e-125,0.801427541875035,0.585,0.105,6.61950365986877e-121,"Epithelial_C3","NT5E",0.48
"PTGDS",5.66958397803703e-125,1.68676054180703,0.785,0.264,1.26624488565479e-120,"Epithelial_C3","PTGDS",0.521
"CTSL",1.48142691142988e-123,1.94131043373368,0.875,0.614,3.30861886398749e-119,"Epithelial_C3","CTSL",0.261
"PLAUR",5.26291084641161e-123,1.22508803622582,0.854,0.414,1.17541850843757e-118,"Epithelial_C3","PLAUR",0.44
"FTL",1.47505128671753e-121,1.45084290514064,0.989,0.971,3.29437954375493e-117,"Epithelial_C3","FTL",0.018
"C1R",1.54316124109401e-121,1.67486026925285,0.88,0.608,3.44649631585937e-117,"Epithelial_C3","C1R",0.272
"HAS2",2.77675089306092e-121,0.679597418344961,0.306,0.004,6.20159544456226e-117,"Epithelial_C3","HAS2",0.302
"RHOBTB3",2.97703652142459e-121,0.922950534616501,0.604,0.125,6.64891336694968e-117,"Epithelial_C3","RHOBTB3",0.479
"MARCKS",5.80326515785677e-121,1.21860656580232,0.92,0.632,1.29610124035573e-116,"Epithelial_C3","MARCKS",0.288
"VCAM1",8.58784188529921e-120,0.786867977096011,0.402,0.027,1.91800860666273e-115,"Epithelial_C3","VCAM1",0.375
"BNIP3L",7.04100802834489e-119,1.22425697787329,0.894,0.656,1.57253873305055e-114,"Epithelial_C3","BNIP3L",0.238
"DIRC3",7.25173107128828e-119,0.743510745227876,0.46,0.052,1.61960161746152e-114,"Epithelial_C3","DIRC3",0.408
"EIF1",7.18909023798292e-117,0.901124750237841,0.968,0.974,1.60561141375111e-112,"Epithelial_C3","EIF1",-0.00600000000000001
"SLC38A5",3.98222333834193e-116,0.627567552537016,0.529,0.086,8.89389760385288e-112,"Epithelial_C3","SLC38A5",0.443
"BNIP3",4.65499593410224e-115,1.41355828275416,0.941,0.823,1.03964679192239e-110,"Epithelial_C3","BNIP3",0.118
"NDRG1",4.75276804114741e-114,1.39898593889062,0.949,0.734,1.06148321430986e-109,"Epithelial_C3","NDRG1",0.215
"ENO1",5.97388565883174e-114,0.999370203421487,0.979,0.96,1.33420762304348e-109,"Epithelial_C3","ENO1",0.019
"SERPINF1",5.50269178179847e-113,1.07395185370571,0.524,0.089,1.22897118254687e-108,"Epithelial_C3","SERPINF1",0.435
"TMEM176A",9.46289226240667e-113,0.932113863162533,0.673,0.199,2.11344235788591e-108,"Epithelial_C3","TMEM176A",0.474
"CCDC85B",1.07629262838044e-112,1.52131410297275,0.92,0.811,2.40379195622487e-108,"Epithelial_C3","CCDC85B",0.109
"SMIM3",4.81962754356018e-112,0.956387625097025,0.699,0.245,1.07641561557873e-107,"Epithelial_C3","SMIM3",0.454
"TPM2",5.10548359923807e-112,1.34196782707482,0.894,0.584,1.14025870705383e-107,"Epithelial_C3","TPM2",0.31
"P4HA2",4.03779720223561e-111,1.45687079775749,0.848,0.579,9.01801627147301e-107,"Epithelial_C3","P4HA2",0.269
"PLOD2",4.55409625866592e-111,1.26915018478875,0.854,0.547,1.01711185841045e-106,"Epithelial_C3","PLOD2",0.307
"SLC16A3",8.39731922357683e-111,1.14111700530918,0.864,0.538,1.87545727539365e-106,"Epithelial_C3","SLC16A3",0.326
"SPON2",1.02845078184979e-108,1.08928681295312,0.574,0.128,2.29694197618333e-104,"Epithelial_C3","SPON2",0.446
"ANXA2",3.87064396629463e-107,1.00182500099048,0.955,0.89,8.64469623432243e-103,"Epithelial_C3","ANXA2",0.0649999999999999
"ETV1",7.54081847626303e-107,0.532308107602791,0.383,0.033,1.68416639848858e-102,"Epithelial_C3","ETV1",0.35
"ANXA5",5.09196752218756e-106,1.16775780629281,0.896,0.78,1.13724002640537e-101,"Epithelial_C3","ANXA5",0.116
"SH3BP5",5.38519178479876e-106,1.47146530648606,0.816,0.504,1.20272873321695e-101,"Epithelial_C3","SH3BP5",0.312
"PHLDA1",8.31451716833586e-104,1.32406550948537,0.723,0.281,1.85696426437613e-99,"Epithelial_C3","PHLDA1",0.442
"RARRES2",8.76286957372787e-104,1.94221110871541,0.902,0.648,1.95709929059638e-99,"Epithelial_C3","RARRES2",0.254
"BDKRB1",1.1580865914829e-103,0.603235254491038,0.29,0.009,2.58647059341791e-99,"Epithelial_C3","BDKRB1",0.281
"CREB3L1",1.58165880947309e-103,0.502351092215685,0.439,0.058,3.53247678507721e-99,"Epithelial_C3","CREB3L1",0.381
"SFRP2",3.04517038253826e-103,0.697485270463653,0.348,0.025,6.80108353236096e-99,"Epithelial_C3","SFRP2",0.323
"ANGPTL4",8.84774706236237e-103,1.73720497238409,0.644,0.196,1.97605582890801e-98,"Epithelial_C3","ANGPTL4",0.448
"CTHRC1",3.1452432693032e-102,1.74657106545434,0.766,0.367,7.02458631766176e-98,"Epithelial_C3","CTHRC1",0.399
"CD44",8.58711313785644e-101,1.21914491311848,0.795,0.414,1.91784584820886e-96,"Epithelial_C3","CD44",0.381
"SCG5",3.27354258629314e-98,1.45930579548574,0.689,0.26,7.3111300122271e-94,"Epithelial_C3","SCG5",0.429
"BEND5",4.44714471117108e-98,0.647360652409583,0.46,0.076,9.9322529979295e-94,"Epithelial_C3","BEND5",0.384
"COL1A2",8.6587052476008e-98,1.86522065311891,0.864,0.466,1.93383522999916e-93,"Epithelial_C3","COL1A2",0.398
"B2M",1.86882377606546e-96,0.999140415627533,0.997,0.98,4.17383102146461e-92,"Epithelial_C3","B2M",0.017
"GLRX",5.74922176716253e-96,0.818671199813902,0.559,0.139,1.28403118947808e-91,"Epithelial_C3","GLRX",0.42
"COL5A1",5.82141678570883e-96,0.944466258434553,0.622,0.191,1.30015522492021e-91,"Epithelial_C3","COL5A1",0.431
"TMEM176B",1.03907840815249e-95,0.973702808812198,0.705,0.277,2.32067771676778e-91,"Epithelial_C3","TMEM176B",0.428
"PHPT1",2.03575870609223e-95,1.03148488088331,0.88,0.805,4.54666349418639e-91,"Epithelial_C3","PHPT1",0.075
"C11orf96",4.48628350480752e-95,1.39815116749871,0.404,0.051,1.00196655796371e-90,"Epithelial_C3","C11orf96",0.353
"PGAM1",1.15139350693944e-89,0.929186183424001,0.904,0.806,2.57152225839854e-85,"Epithelial_C3","PGAM1",0.098
"RPL26",1.07125248165382e-88,0.74491445669622,0.979,0.971,2.39253529252565e-84,"Epithelial_C3","RPL26",0.00800000000000001
"PDLIM2",1.1652778810626e-88,0.954195910871762,0.729,0.372,2.6025316195652e-84,"Epithelial_C3","PDLIM2",0.357
"SERPINB2",1.72972350381728e-88,0.86574549007909,0.255,0.009,3.86316447342551e-84,"Epithelial_C3","SERPINB2",0.246
"TCF4",3.36590817772316e-88,1.08708239718734,0.636,0.239,7.51741932412691e-84,"Epithelial_C3","TCF4",0.397
"CHN1",4.43514998325219e-88,0.598004781003617,0.418,0.065,9.90546397259544e-84,"Epithelial_C3","CHN1",0.353
"CCDC80",1.39843291664609e-86,1.13241715834931,0.636,0.238,3.12326007603737e-82,"Epithelial_C3","CCDC80",0.398
"ACKR3",3.18485972691449e-86,0.834234596096778,0.489,0.108,7.11306571409082e-82,"Epithelial_C3","ACKR3",0.381
"PDLIM4",4.12447606479958e-86,1.1689703503567,0.769,0.464,9.21160484312338e-82,"Epithelial_C3","PDLIM4",0.305
"RORA",1.0789706009766e-85,0.787606490008965,0.609,0.208,2.40977294022114e-81,"Epithelial_C3","RORA",0.401
"GSTO1",4.74460322388188e-85,1.06423069280834,0.846,0.707,1.05965968402178e-80,"Epithelial_C3","GSTO1",0.139
"TPBG",6.5981813928326e-85,1.17723014989988,0.734,0.39,1.47363783227523e-80,"Epithelial_C3","TPBG",0.344
"WSB1",1.49083184994572e-84,1.1571314082275,0.867,0.691,3.32962385366876e-80,"Epithelial_C3","WSB1",0.176
"DSE",7.72045705003554e-83,0.61143184212633,0.492,0.116,1.72428687755494e-78,"Epithelial_C3","DSE",0.376
"BICC1",1.10714776357401e-82,0.534718558617221,0.449,0.087,2.4727038151662e-78,"Epithelial_C3","BICC1",0.362
"FRMD6",2.43772063865132e-82,0.66198974209544,0.481,0.113,5.44440527436387e-78,"Epithelial_C3","FRMD6",0.368
"SCG2",2.90320122877862e-82,0.571299642483487,0.282,0.02,6.48400962435418e-78,"Epithelial_C3","SCG2",0.262
"VEGFA",4.43131914430396e-82,1.05162305707109,0.934,0.745,9.89690817688846e-78,"Epithelial_C3","VEGFA",0.189
"SLC39A14",9.86859359613152e-82,0.92598513554643,0.665,0.289,2.20405169376001e-77,"Epithelial_C3","SLC39A14",0.376
"FAM162A",1.17884328822663e-81,0.979592487878585,0.886,0.805,2.63282859992536e-77,"Epithelial_C3","FAM162A",0.081
"CALD1",2.38930978221988e-81,1.06875596846596,0.894,0.765,5.33628446760988e-77,"Epithelial_C3","CALD1",0.129
"TGFB1I1",4.30607755596941e-81,0.813938015987512,0.66,0.287,9.61719361350208e-77,"Epithelial_C3","TGFB1I1",0.373
"ARL4C",1.14331767413695e-80,1.1253169962545,0.848,0.61,2.55348569341746e-76,"Epithelial_C3","ARL4C",0.238
"LDHA",5.65824932803074e-80,0.769734121288418,0.96,0.942,1.26371340492239e-75,"Epithelial_C3","LDHA",0.018
"MYDGF",5.68663901376882e-80,0.839784095037188,0.864,0.767,1.27005395733513e-75,"Epithelial_C3","MYDGF",0.097
"TDO2",6.22932204695863e-80,0.600886059821947,0.274,0.019,1.39125678596774e-75,"Epithelial_C3","TDO2",0.255
"CAVIN1",6.55719937348012e-79,0.812882598118572,0.702,0.343,1.46448490807305e-74,"Epithelial_C3","CAVIN1",0.359
"MXRA7",9.50590861295019e-79,1.02377217612472,0.782,0.558,2.12304962961629e-74,"Epithelial_C3","MXRA7",0.224
"CHST11",4.13662617589085e-78,0.571860604006103,0.447,0.097,9.23874090123463e-74,"Epithelial_C3","CHST11",0.35
"PGK1",2.03796652259473e-77,0.768312306153316,0.939,0.917,4.55159443156306e-73,"Epithelial_C3","PGK1",0.0219999999999999
"ISLR",3.50833494340273e-77,0.768890494762158,0.402,0.073,7.83551526259565e-73,"Epithelial_C3","ISLR",0.329
"WNT5A",1.91362304861042e-76,0.783829913307495,0.497,0.136,4.2738857167665e-72,"Epithelial_C3","WNT5A",0.361
"CELF2",1.40689274627009e-75,0.542776157826873,0.428,0.085,3.14215425951962e-71,"Epithelial_C3","CELF2",0.343
"FTH1",2.14165007194145e-75,0.828263376405634,1,0.996,4.78316127067403e-71,"Epithelial_C3","FTH1",0.004
"CDCP1",3.71981493481499e-75,1.02230908811014,0.737,0.444,8.30783467541581e-71,"Epithelial_C3","CDCP1",0.293
"CFH",8.68137429851192e-75,0.664204616462944,0.516,0.132,1.93889813582965e-70,"Epithelial_C3","CFH",0.384
"RPL34",2.47232269612941e-74,0.544124579779632,0.981,0.978,5.52168550953543e-70,"Epithelial_C3","RPL34",0.003
"NNMT",2.51524917376435e-74,0.877429272944435,0.822,0.454,5.6175575046853e-70,"Epithelial_C3","NNMT",0.368
"MT2A",3.16787669813587e-74,1.54720747297502,0.947,0.866,7.07513581761665e-70,"Epithelial_C3","MT2A",0.081
"ERO1A",6.86887151837743e-74,0.883184837050727,0.883,0.709,1.53409376491441e-69,"Epithelial_C3","ERO1A",0.174
"VKORC1",1.98791413101047e-73,0.807215525251448,0.854,0.762,4.43980742019879e-69,"Epithelial_C3","VKORC1",0.092
"SEMA5A",3.40695794687605e-73,0.515504844710184,0.354,0.055,7.60909987855298e-69,"Epithelial_C3","SEMA5A",0.299
"BRI3",1.36097312588385e-72,0.705752329314985,0.949,0.923,3.039597379349e-68,"Epithelial_C3","BRI3",0.0259999999999999
"IKBIP",3.49446509842991e-72,0.674585697714336,0.67,0.342,7.80453835083337e-68,"Epithelial_C3","IKBIP",0.328
"ACTA2",8.60716632025543e-72,0.811408427575181,0.503,0.145,1.92232452596585e-67,"Epithelial_C3","ACTA2",0.358
"EGLN3",6.27565868546566e-71,1.04900101907658,0.755,0.472,1.4016056108119e-66,"Epithelial_C3","EGLN3",0.283
"S100A4",1.84915874727436e-70,1.02032956868014,0.907,0.796,4.12991114616255e-66,"Epithelial_C3","S100A4",0.111
"RSAD2",5.09884519083877e-70,1.59121607686957,0.614,0.26,1.13877608492193e-65,"Epithelial_C3","RSAD2",0.354
"CD63",5.1914362284446e-68,0.62321544626343,0.968,0.955,1.15945536726082e-63,"Epithelial_C3","CD63",0.013
"LMAN1",6.39223798627051e-68,0.761282574756378,0.888,0.811,1.42764243185366e-63,"Epithelial_C3","LMAN1",0.077
"SULF1",6.75230821971174e-68,0.749712947643443,0.476,0.129,1.50806051779042e-63,"Epithelial_C3","SULF1",0.347
"EPB41L4A-AS1",6.93737148265359e-68,1.02064312878112,0.721,0.466,1.54939254693585e-63,"Epithelial_C3","EPB41L4A-AS1",0.255
"TNFRSF12A",1.2482933250188e-67,1.00567812748751,0.856,0.723,2.78793831209699e-63,"Epithelial_C3","TNFRSF12A",0.133
"LGALS3",2.15749966585327e-67,1.00052557761313,0.944,0.921,4.81855975371669e-63,"Epithelial_C3","LGALS3",0.0229999999999999
"EPSTI1",5.64645024927816e-67,0.774967699417532,0.649,0.302,1.26107819867378e-62,"Epithelial_C3","EPSTI1",0.347
"CDKN1A",1.0419579314975e-66,0.986420160726888,0.662,0.322,2.32710884420652e-62,"Epithelial_C3","CDKN1A",0.34
"HILPDA",2.27318508234192e-66,1.04446285442716,0.806,0.58,5.07693156290245e-62,"Epithelial_C3","HILPDA",0.226
"CHST15",1.30133370201184e-65,0.700785301740609,0.569,0.231,2.90639869007325e-61,"Epithelial_C3","CHST15",0.338
"PLIN2",4.27532112631801e-64,1.36643977606173,0.697,0.422,9.54850220351865e-60,"Epithelial_C3","PLIN2",0.275
"PLEKHO1",7.76151739601614e-64,0.791774667381069,0.66,0.357,1.73345729522625e-59,"Epithelial_C3","PLEKHO1",0.303
"GYPC",7.96140234613343e-64,0.626670945530066,0.574,0.221,1.77809959998544e-59,"Epithelial_C3","GYPC",0.353
"AXL",4.99188134075029e-62,0.550633661679478,0.492,0.164,1.11488677864317e-57,"Epithelial_C3","AXL",0.328
"TIMP1",1.84181161607709e-61,1.33242656448174,0.939,0.899,4.11350206334657e-57,"Epithelial_C3","TIMP1",0.0399999999999999
"CD68",1.54052667116699e-60,0.540602601551033,0.441,0.125,3.44061226738436e-56,"Epithelial_C3","CD68",0.316
"STC1",1.96682671447154e-60,0.87116624362444,0.633,0.307,4.39271078410073e-56,"Epithelial_C3","STC1",0.326
"ENO2",2.0918958929833e-60,0.7734815336186,0.697,0.418,4.6720402873889e-56,"Epithelial_C3","ENO2",0.279
"LRRC32",1.31201942134495e-59,0.673955952486969,0.449,0.134,2.93026417563181e-55,"Epithelial_C3","LRRC32",0.315
"MMP11",1.61289439430009e-59,2.62075527940746,0.54,0.228,3.60223834022983e-55,"Epithelial_C3","MMP11",0.312
"RND3",9.80238693350525e-59,1.06135056285971,0.848,0.674,2.18926509772906e-54,"Epithelial_C3","RND3",0.174
"CEBPB",3.2208077015297e-58,0.894575040379504,0.928,0.902,7.19335192059643e-54,"Epithelial_C3","CEBPB",0.026
"DPP4",7.62295580150238e-58,0.551013126996994,0.375,0.089,1.70251094870754e-53,"Epithelial_C3","DPP4",0.286
"THBS1",5.9500487958085e-57,0.961237109004417,0.524,0.201,1.32888389805587e-52,"Epithelial_C3","THBS1",0.323
"C4orf3",6.14613529802677e-57,0.654545935040322,0.891,0.851,1.3726778574613e-52,"Epithelial_C3","C4orf3",0.04
"MXRA8",1.84437289604212e-56,0.759500766812264,0.561,0.255,4.11922242602048e-52,"Epithelial_C3","MXRA8",0.306
"CAV1",1.20790603993671e-55,0.678310329829545,0.67,0.325,2.69773734959466e-51,"Epithelial_C3","CAV1",0.345
"PPFIBP1",8.16256100743725e-55,0.759244351335841,0.809,0.705,1.82302637540104e-50,"Epithelial_C3","PPFIBP1",0.104
"CIRBP",1.2712565944264e-54,0.700567100233928,0.862,0.811,2.83922447799192e-50,"Epithelial_C3","CIRBP",0.0509999999999999
"PDLIM3",2.01026251013116e-54,0.539023182638286,0.465,0.141,4.48972029012692e-50,"Epithelial_C3","PDLIM3",0.324
"SPARC",3.42120086444692e-54,1.21825835691543,0.819,0.496,7.64091001065575e-50,"Epithelial_C3","SPARC",0.323
"MORF4L1",1.62193506667424e-53,0.578372952078196,0.872,0.87,3.62242977791024e-49,"Epithelial_C3","MORF4L1",0.002
"HCFC1R1",4.30360985849109e-53,0.797567962192309,0.774,0.678,9.61168225795399e-49,"Epithelial_C3","HCFC1R1",0.096
"ITGB1",7.93906585076121e-53,0.675724267446925,0.886,0.831,1.77311096710901e-48,"Epithelial_C3","ITGB1",0.055
"IFI6",9.37312410152723e-53,0.917581232781927,0.875,0.808,2.09339353683509e-48,"Epithelial_C3","IFI6",0.0669999999999999
"TIMP2",2.77966306723441e-52,0.780484044929096,0.803,0.648,6.20809949436134e-48,"Epithelial_C3","TIMP2",0.155
"HLA-B",2.92217054443897e-52,0.625274025568046,0.971,0.952,6.52637569394999e-48,"Epithelial_C3","HLA-B",0.019
"CCDC107",4.80999621299169e-52,0.736881262308141,0.763,0.632,1.07426455420956e-47,"Epithelial_C3","CCDC107",0.131
"NUAK1",7.49190277783067e-52,0.503795695773025,0.343,0.081,1.6732415664007e-47,"Epithelial_C3","NUAK1",0.262
"SGCB",1.49150017948652e-51,0.639792782975405,0.638,0.404,3.33111650086519e-47,"Epithelial_C3","SGCB",0.234
"HLA-A",8.52556491794484e-50,0.568381320143103,0.968,0.968,1.9040996687738e-45,"Epithelial_C3","HLA-A",0
"EID1",1.47081352990188e-49,0.604596250611833,0.832,0.806,3.28491493768286e-45,"Epithelial_C3","EID1",0.0259999999999999
"IL32",4.86037003581282e-49,0.591762116613306,0.79,0.502,1.08551504379844e-44,"Epithelial_C3","IL32",0.288
"COL12A1",6.54393034392626e-49,0.79166465723976,0.548,0.262,1.46152140301249e-44,"Epithelial_C3","COL12A1",0.286
"SLC2A3",3.29128348628584e-48,0.504918916457126,0.747,0.378,7.35075253827079e-44,"Epithelial_C3","SLC2A3",0.369
"WFDC3",6.38777626486346e-48,0.506055128664355,0.41,0.135,1.42664595099461e-43,"Epithelial_C3","WFDC3",0.275
"THY1",6.82635490098931e-48,0.734034936280454,0.516,0.201,1.52459810358695e-43,"Epithelial_C3","THY1",0.315
"SDCBP",7.76456393651614e-48,0.705040600647194,0.824,0.78,1.73413770958151e-43,"Epithelial_C3","SDCBP",0.0439999999999999
"SH3BGRL3",8.7034922112494e-48,0.638318500011976,0.846,0.843,1.94383795046044e-43,"Epithelial_C3","SH3BGRL3",0.003
"METTL26",1.19485032170085e-47,0.670492987411453,0.809,0.776,2.66857870848668e-43,"Epithelial_C3","METTL26",0.033
"FZD1",9.90258551197545e-47,0.705041776642898,0.535,0.271,2.2116434482446e-42,"Epithelial_C3","FZD1",0.264
"SLC2A1",1.54261386260001e-46,0.758370820805218,0.859,0.717,3.44527380073086e-42,"Epithelial_C3","SLC2A1",0.142
"INSIG2",3.75743639844551e-46,0.740717662162925,0.662,0.459,8.3918584522882e-42,"Epithelial_C3","INSIG2",0.203
"FILIP1L",5.36828576032536e-46,0.683962387462809,0.463,0.176,1.19895294171107e-41,"Epithelial_C3","FILIP1L",0.287
"SOD2",8.37682595180067e-46,0.82169198921343,0.864,0.733,1.87088030807516e-41,"Epithelial_C3","SOD2",0.131
"PCOLCE",8.48027828985548e-46,0.862622432327161,0.606,0.352,1.89398535325632e-41,"Epithelial_C3","PCOLCE",0.254
"VAMP5",1.74304470539589e-45,0.682720661773622,0.489,0.223,3.89291604503118e-41,"Epithelial_C3","VAMP5",0.266
"FMOD",3.42574610142695e-45,0.584129626418457,0.426,0.157,7.65106134292695e-41,"Epithelial_C3","FMOD",0.269
"COPRS",6.51198971618121e-45,0.705587336756354,0.734,0.636,1.45438778321191e-40,"Epithelial_C3","COPRS",0.098
"OSMR",6.87027880937822e-45,0.594624505962483,0.598,0.343,1.53440806928653e-40,"Epithelial_C3","OSMR",0.255
"IGFBP6",9.21935487669308e-45,0.639641619184174,0.484,0.197,2.05905071816063e-40,"Epithelial_C3","IGFBP6",0.287
"P4HA1",1.81843554422044e-44,0.583334136143813,0.835,0.679,4.06129394446193e-40,"Epithelial_C3","P4HA1",0.156
"QKI",7.16697613353502e-44,0.621498578875624,0.673,0.498,1.60067244966371e-39,"Epithelial_C3","QKI",0.175
"ACTN1",2.45531714817292e-43,0.597397991527416,0.856,0.79,5.4837053187294e-39,"Epithelial_C3","ACTN1",0.0659999999999999
"OSBPL8",3.94402567098413e-43,0.774137482772368,0.678,0.539,8.80858693357596e-39,"Epithelial_C3","OSBPL8",0.139
"BTG1",4.78921106404373e-43,0.684278132688076,0.848,0.815,1.06962239904353e-38,"Epithelial_C3","BTG1",0.033
"FXYD5",5.80620165958734e-43,0.576323901491191,0.62,0.386,1.29675707865224e-38,"Epithelial_C3","FXYD5",0.234
"NTAN1",9.79482341559839e-43,0.581702712724972,0.606,0.387,2.18757586163975e-38,"Epithelial_C3","NTAN1",0.219
"MSANTD3",1.15551025805374e-42,0.586757577566428,0.598,0.372,2.58071661033723e-38,"Epithelial_C3","MSANTD3",0.226
"ITGB5",1.58431184342611e-42,0.721381069068957,0.646,0.475,3.53840207110786e-38,"Epithelial_C3","ITGB5",0.171
"OSTC",3.17089369918623e-42,0.607484640252885,0.814,0.795,7.08187398776253e-38,"Epithelial_C3","OSTC",0.0189999999999999
"CLIC4",1.00206465760615e-41,0.567561895086359,0.66,0.472,2.23801120629757e-37,"Epithelial_C3","CLIC4",0.188
"DPYSL2",1.81733990354232e-40,0.591622947992817,0.508,0.262,4.05884694057143e-36,"Epithelial_C3","DPYSL2",0.246
"PAM",1.86734114194731e-40,0.566510800624982,0.561,0.334,4.17051970642512e-36,"Epithelial_C3","PAM",0.227
"PMEPA1",2.12760273850448e-40,0.629140355934216,0.755,0.529,4.7517879561759e-36,"Epithelial_C3","PMEPA1",0.226
"ESD",2.37181913015117e-40,0.58733162178855,0.721,0.624,5.29722084527961e-36,"Epithelial_C3","ESD",0.097
"PLIN3",4.02781570812517e-40,0.58430219221276,0.63,0.456,8.99572360252675e-36,"Epithelial_C3","PLIN3",0.174
"MGAT1",1.17022960369167e-39,0.644488282804856,0.686,0.552,2.61359079688497e-35,"Epithelial_C3","MGAT1",0.134
"SAT2",2.11953314626284e-39,0.532721553664143,0.723,0.597,4.73376532886342e-35,"Epithelial_C3","SAT2",0.126
"FERMT2",3.71904880333617e-39,0.605478570480085,0.596,0.398,8.306123597371e-35,"Epithelial_C3","FERMT2",0.198
"MIR210HG",3.79237307474056e-39,0.570821200332228,0.564,0.338,8.46988602512556e-35,"Epithelial_C3","MIR210HG",0.226
"EFEMP2",2.14873684730603e-38,0.650990362785241,0.702,0.579,4.7989888747733e-34,"Epithelial_C3","EFEMP2",0.123
"RAB34",3.26244369115024e-38,0.533602249919397,0.723,0.65,7.28634173981496e-34,"Epithelial_C3","RAB34",0.073
"UPP1",4.7614453934962e-38,0.746214529476051,0.569,0.339,1.06342121418344e-33,"Epithelial_C3","UPP1",0.23
"SLC16A1",7.13977163101063e-38,0.609657650639857,0.617,0.416,1.59459659606991e-33,"Epithelial_C3","SLC16A1",0.201
"IGFBP4",4.05020665508636e-37,0.652318688118931,0.473,0.226,9.04573154346987e-33,"Epithelial_C3","IGFBP4",0.247
"CSGALNACT2",2.47392777116595e-36,0.534055430520063,0.505,0.279,5.52527028412204e-32,"Epithelial_C3","CSGALNACT2",0.226
"SAP30",3.37510347922535e-36,0.518019761019494,0.644,0.451,7.53795611050191e-32,"Epithelial_C3","SAP30",0.193
"EVA1B",4.1163861680856e-36,0.60071105839292,0.646,0.499,9.19353686780238e-32,"Epithelial_C3","EVA1B",0.147
"METRNL",6.88725605120466e-36,0.682540729601816,0.641,0.482,1.53819976647605e-31,"Epithelial_C3","METRNL",0.159
"TSPAN4",8.63083895585909e-36,0.580218357584698,0.574,0.388,1.92761157240157e-31,"Epithelial_C3","TSPAN4",0.186
"SEPT11",1.05919132092278e-35,0.676362797405215,0.636,0.496,2.36559789614894e-31,"Epithelial_C3","SEPT11",0.14
"TYMP",2.60423511263403e-35,0.673415309290727,0.705,0.577,5.81629870055685e-31,"Epithelial_C3","TYMP",0.128
"FBXO32",5.01293059688184e-35,0.657161636646339,0.673,0.452,1.11958791950759e-30,"Epithelial_C3","FBXO32",0.221
"EIF1B",6.96854773489915e-35,0.525733368709908,0.771,0.744,1.55635545111238e-30,"Epithelial_C3","EIF1B",0.027
"ASPH",1.58076999813684e-34,0.595117670754095,0.66,0.547,3.53049171383881e-30,"Epithelial_C3","ASPH",0.113
"STC2",3.00136671422924e-34,0.767985776333979,0.513,0.294,6.70325241955959e-30,"Epithelial_C3","STC2",0.219
"STEAP1",3.40161995694038e-34,0.618668207038856,0.574,0.384,7.59717801183064e-30,"Epithelial_C3","STEAP1",0.19
"LIMS1",4.13850958014849e-34,0.566172360954828,0.774,0.73,9.24294729630365e-30,"Epithelial_C3","LIMS1",0.044
"SQSTM1",6.03509358328862e-34,0.515169972056361,0.899,0.879,1.34787780089168e-29,"Epithelial_C3","SQSTM1",0.02
"SP100",1.10921141013074e-33,0.537017810637853,0.737,0.638,2.477312763386e-29,"Epithelial_C3","SP100",0.099
"RBPJ",1.22584682384371e-33,0.614525796732074,0.715,0.659,2.73780629637255e-29,"Epithelial_C3","RBPJ",0.0559999999999999
"MYH9",1.26060201267809e-33,0.599335675600052,0.795,0.79,2.81542853511524e-29,"Epithelial_C3","MYH9",0.005
"RCN3",1.65074097167778e-33,0.596523059552342,0.447,0.217,3.68676488614515e-29,"Epithelial_C3","RCN3",0.23
"MYO1B",7.80377156466243e-33,0.507791447493872,0.492,0.272,1.74289434125171e-28,"Epithelial_C3","MYO1B",0.22
"ANKRD12",8.12110637766159e-33,0.583603055655303,0.755,0.679,1.81376789838694e-28,"Epithelial_C3","ANKRD12",0.076
"RGCC",1.06409642094615e-32,0.852684286825541,0.513,0.28,2.37655294654113e-28,"Epithelial_C3","RGCC",0.233
"RGS2",1.15574935314983e-32,0.811905390003771,0.388,0.164,2.58125060532482e-28,"Epithelial_C3","RGS2",0.224
"FSTL1",2.39905125709833e-32,0.692978812586069,0.527,0.322,5.3580410776034e-28,"Epithelial_C3","FSTL1",0.205
"EMP1",6.99556571762119e-32,0.698965548626596,0.622,0.427,1.56238964737352e-27,"Epithelial_C3","EMP1",0.195
"RNH1",2.50692267783351e-31,0.5274154478251,0.758,0.75,5.59896110867335e-27,"Epithelial_C3","RNH1",0.00800000000000001
"CHSY1",1.06551650291898e-30,0.538332389268507,0.495,0.304,2.37972455761925e-26,"Epithelial_C3","CHSY1",0.191
"IGFBP5",1.09283037991536e-30,1.4648787799118,0.686,0.542,2.44072737050297e-26,"Epithelial_C3","IGFBP5",0.144
"FOXP1",1.18309406101471e-30,0.570328360568042,0.572,0.414,2.64232227587026e-26,"Epithelial_C3","FOXP1",0.158
"HTRA1",1.28907555191399e-30,0.652382833081472,0.476,0.263,2.8790213376447e-26,"Epithelial_C3","HTRA1",0.213
"MAP4K4",1.37711565241654e-30,0.531016315721506,0.657,0.561,3.07565009810711e-26,"Epithelial_C3","MAP4K4",0.096
"WTAP",2.14343879827628e-30,0.590738295854733,0.62,0.509,4.78715621207023e-26,"Epithelial_C3","WTAP",0.111
"PPP1R15A",2.70983808145935e-30,0.548074817437203,0.843,0.76,6.05215237113132e-26,"Epithelial_C3","PPP1R15A",0.083
"LTBP1",3.12384490528313e-30,0.546691252790226,0.479,0.272,6.97679521145934e-26,"Epithelial_C3","LTBP1",0.207
"MED10",5.80525348272757e-30,0.503679472319572,0.707,0.692,1.29654531283238e-25,"Epithelial_C3","MED10",0.015
"MYLK",2.18014094233179e-29,0.507125239774326,0.444,0.225,4.86912678060381e-25,"Epithelial_C3","MYLK",0.219
"ERRFI1",5.4275430448769e-29,0.771035109795323,0.657,0.507,1.21218746364281e-24,"Epithelial_C3","ERRFI1",0.15
"DHRS7",4.3605411067689e-28,0.504862342062667,0.641,0.529,9.73883250785767e-24,"Epithelial_C3","DHRS7",0.112
"ABCA1",4.49617491870592e-28,0.512589706802309,0.479,0.272,1.00417570634378e-23,"Epithelial_C3","ABCA1",0.207
"CSRP2",4.6442473668001e-28,0.511054134345145,0.614,0.448,1.03724620690113e-23,"Epithelial_C3","CSRP2",0.166
"PTK7",5.91576808905463e-28,0.698311049030246,0.641,0.577,1.32122764500946e-23,"Epithelial_C3","PTK7",0.0640000000000001
"ISG15",1.40017124481133e-27,0.573281792489732,0.864,0.849,3.12714245816162e-23,"Epithelial_C3","ISG15",0.015
"CLEC11A",1.51267913712675e-27,0.620280578292201,0.606,0.505,3.37841758485889e-23,"Epithelial_C3","CLEC11A",0.101
"RAI14",7.10754993565413e-27,0.564581602518174,0.625,0.499,1.58740020262899e-22,"Epithelial_C3","RAI14",0.126
"PJA2",1.20119777439238e-26,0.525255647076588,0.582,0.46,2.68275510932795e-22,"Epithelial_C3","PJA2",0.122
"ARFGAP3",1.83105287407826e-26,0.538002160518517,0.588,0.487,4.08947348896638e-22,"Epithelial_C3","ARFGAP3",0.101
"CASK",2.1118877174152e-26,0.504905315642177,0.545,0.405,4.7166900280751e-22,"Epithelial_C3","CASK",0.14
"IER3",3.56820482249712e-26,1.13921764979706,0.793,0.748,7.96922865056506e-22,"Epithelial_C3","IER3",0.045
"CALU",5.26899188445987e-26,0.550443185551504,0.761,0.771,1.17677664747527e-21,"Epithelial_C3","CALU",-0.01
"SERINC1",6.50645558418571e-26,0.512598768687957,0.641,0.558,1.45315179017204e-21,"Epithelial_C3","SERINC1",0.083
"LXN",1.46681590130216e-25,0.540748821825308,0.468,0.297,3.27598663396825e-21,"Epithelial_C3","LXN",0.171
"SNX9",1.10775983814555e-24,0.537777459218749,0.532,0.397,2.47407082251427e-20,"Epithelial_C3","SNX9",0.135
"DST",4.44766773185255e-24,0.60737147156013,0.529,0.383,9.93342111231948e-20,"Epithelial_C3","DST",0.146
"CYTOR",4.57800654002766e-24,0.532792062897713,0.543,0.411,1.02245198064978e-19,"Epithelial_C3","CYTOR",0.132
"FAM129B",1.16691633952683e-23,0.556723507539661,0.622,0.524,2.60619095269922e-19,"Epithelial_C3","FAM129B",0.098
"CTSB",2.88422093760275e-23,0.559246077194274,0.848,0.86,6.44161904204197e-19,"Epithelial_C3","CTSB",-0.012
"HMOX1",4.16556332887595e-23,0.525132650349328,0.282,0.111,9.30336913871155e-19,"Epithelial_C3","HMOX1",0.171
"ZNF395",1.6818073526594e-22,0.536075273335469,0.521,0.385,3.7561485414295e-18,"Epithelial_C3","ZNF395",0.136
"SLC3A2",2.37464746198053e-22,0.539406506417847,0.811,0.807,5.30353764158732e-18,"Epithelial_C3","SLC3A2",0.004
"RGS16",2.41092392935556e-22,0.780632959324778,0.34,0.162,5.38455750382271e-18,"Epithelial_C3","RGS16",0.178
"ABL2",9.89926540648278e-22,0.5373897554523,0.463,0.315,2.21090193588386e-17,"Epithelial_C3","ABL2",0.148
"NAMPT",4.12382652935458e-21,0.545202094457572,0.771,0.753,9.21015417066052e-17,"Epithelial_C3","NAMPT",0.018
"ANKRD28",8.79121023975118e-21,0.5651122272254,0.521,0.412,1.96342889494603e-16,"Epithelial_C3","ANKRD28",0.109
"PLAU",1.14172239671396e-20,0.805943831503947,0.37,0.2,2.54992280082097e-16,"Epithelial_C3","PLAU",0.17
"IGFBP3",4.05305635047203e-20,0.64173108316395,0.543,0.336,9.05209605314423e-16,"Epithelial_C3","IGFBP3",0.207
"SMYD3",9.6249601171478e-20,0.658631628681778,0.473,0.359,2.14963859256379e-15,"Epithelial_C3","SMYD3",0.114
"ICAM1",7.96579380216758e-19,0.503042032760975,0.521,0.349,1.77908038777611e-14,"Epithelial_C3","ICAM1",0.172
"RGS3",3.67839559770167e-18,0.54608130392332,0.415,0.278,8.21532872790691e-14,"Epithelial_C3","RGS3",0.137
"CERCAM",1.42205770701178e-17,0.522519826621579,0.479,0.384,3.17602368284011e-13,"Epithelial_C3","CERCAM",0.095
"RCAN1",6.20823414673866e-16,0.509933223222824,0.335,0.194,1.38654701433261e-11,"Epithelial_C3","RCAN1",0.141
"ID2",6.9593565918044e-16,0.569935195681676,0.58,0.498,1.5543027012136e-11,"Epithelial_C3","ID2",0.082
"DUSP6",1.63231773900433e-12,0.505573472829147,0.527,0.432,3.64561843829226e-08,"Epithelial_C3","DUSP6",0.095
"FBLN1",3.06896437578465e-12,0.645529404081935,0.436,0.362,6.85422503687743e-08,"Epithelial_C3","FBLN1",0.074
"NINJ1",3.82626859081588e-08,0.50565524275944,0.5,0.511,0.000854558827072819,"Epithelial_C3","NINJ1",-0.011
"NMB",6.93515794000571e-08,0.968756239353508,0.524,0.528,0.00154889817432088,"Epithelial_C3","NMB",-0.004
